Wavelength (nm),T
300.00,1.10658E-11
301.00,6.29714E-13
302.00,2.15725E-13
303.00,9.46138E-12
304.00,8.08338E-11
305.00,4.14021E-10
306.00,4.08245E-10
307.00,1.12068E-08
308.00,2.88743E-10
309.00,9.03422E-09
310.00,3.51077E-08
311.00,1.07565E-08
312.00,1.35522E-07
313.00,1.46295E-06
314.00,7.88523E-06
315.00,3.17074E-05
316.00,3.74942E-05
317.00,1.05158E-04
318.00,2.44825E-05
319.00,6.02317E-04
320.00,3.97256E-04
321.00,6.22085E-04
322.00,2.09571E-02
323.00,1.47584E-01
324.00,2.51365E+00
325.00,7.22434E+01
326.00,8.56812E+01
327.00,8.75159E+01
328.00,8.86262E+01
329.00,8.97309E+01
330.00,9.03871E+01
331.00,9.12132E+01
332.00,9.18667E+01
333.00,9.24111E+01
334.00,9.27484E+01
335.00,9.34518E+01
336.00,9.38555E+01
337.00,9.442E+01
338.00,9.47843E+01
339.00,9.52114E+01
340.00,9.55645E+01
341.00,9.58959E+01
342.00,9.60429E+01
343.00,9.61116E+01
344.00,9.64504E+01
345.00,9.66404E+01
346.00,9.65887E+01
347.00,9.68677E+01
348.00,9.7021E+01
349.00,9.69744E+01
350.00,9.7178E+01
351.00,9.72315E+01
352.00,9.73907E+01
353.00,9.74937E+01
354.00,9.7223E+01
355.00,9.76696E+01
356.00,9.77936E+01
357.00,9.76493E+01
358.00,9.78665E+01
359.00,9.76185E+01
360.00,9.81755E+01
361.00,9.82261E+01
362.00,9.7551E+01
363.00,9.82428E+01
364.00,9.78023E+01
365.00,9.82602E+01
366.00,9.79112E+01
367.00,9.84642E+01
368.00,9.78087E+01
369.00,9.80597E+01
370.00,9.71975E+01
371.00,9.79882E+01
372.00,9.76654E+01
373.00,9.84372E+01
374.00,9.74388E+01
375.00,9.88276E+01
376.00,9.83199E+01
377.00,9.88224E+01
378.00,9.79398E+01
379.00,9.93784E+01
380.00,9.8683E+01
381.00,9.98763E+01
382.00,9.89125E+01
383.00,9.88439E+01
384.00,9.78823E+01
385.00,9.92273E+01
386.00,9.84314E+01
387.00,9.87436E+01
388.00,9.77923E+01
389.00,9.98774E+01
390.00,9.84069E+01
391.00,9.89817E+01
392.00,9.82488E+01
393.00,9.91224E+01
394.00,9.89323E+01
395.00,9.82292E+01
396.00,9.85913E+01
397.00,9.85394E+01
398.00,9.98032E+01
399.00,9.7747E+01
400.00,9.96177E+01
401.00,9.90098E+01
402.00,9.89611E+01
403.00,9.90483E+01
404.00,9.89866E+01
405.00,9.97813E+01
406.00,9.90985E+01
407.00,9.99445E+01
408.00,9.80144E+01
409.00,9.91398E+01
410.00,9.92295E+01
411.00,9.78076E+01
412.00,9.95081E+01
413.00,9.99122E+01
414.00,9.93036E+01
415.00,9.79332E+01
416.00,9.78387E+01
417.00,9.89069E+01
418.00,9.98145E+01
419.00,9.86558E+01
420.00,9.81584E+01
421.00,9.95774E+01
422.00,9.79006E+01
423.00,9.81749E+01
424.00,9.98723E+01
425.00,9.98594E+01
426.00,9.97804E+01
427.00,9.78931E+01
428.00,9.86557E+01
429.00,9.98202E+01
430.00,9.74452E+01
431.00,9.83049E+01
432.00,9.9027E+01
433.00,9.75784E+01
434.00,9.87961E+01
435.00,9.84536E+01
436.00,9.82021E+01
437.00,9.96663E+01
438.00,9.75771E+01
439.00,9.71933E+01
440.00,9.9467E+01
441.00,9.88947E+01
442.00,9.90464E+01
443.00,9.90478E+01
444.00,9.71841E+01
445.00,9.81865E+01
446.00,9.89805E+01
447.00,9.80351E+01
448.00,9.94765E+01
449.00,9.95455E+01
450.00,9.82448E+01
451.00,9.96213E+01
452.00,9.92183E+01
453.00,9.719E+01
454.00,9.84682E+01
455.00,9.93255E+01
456.00,9.80108E+01
457.00,9.87061E+01
458.00,9.90045E+01
459.00,9.7527E+01
460.00,9.84216E+01
461.00,9.94353E+01
462.00,9.78355E+01
463.00,9.80891E+01
464.00,9.99002E+01
465.00,9.93113E+01
466.00,9.89809E+01
467.00,9.98946E+01
468.00,9.85634E+01
469.00,9.72497E+01
470.00,9.85744E+01
471.00,9.90255E+01
472.00,9.8014E+01
473.00,9.85403E+01
474.00,9.88058E+01
475.00,9.76138E+01
476.00,9.82087E+01
477.00,9.96416E+01
478.00,9.85445E+01
479.00,9.77585E+01
480.00,9.93978E+01
481.00,9.9643E+01
482.00,9.81562E+01
483.00,9.8816E+01
484.00,9.9993E+01
485.00,9.84762E+01
486.00,9.75461E+01
487.00,9.92257E+01
488.00,9.95735E+01
489.00,9.78179E+01
490.00,9.79544E+01
491.00,9.94064E+01
492.00,9.87546E+01
493.00,9.78069E+01
494.00,9.90547E+01
495.00,9.97292E+01
496.00,9.81077E+01
497.00,9.75285E+01
498.00,9.88266E+01
499.00,9.87535E+01
500.00,9.74515E+01
501.00,9.8069E+01
502.00,9.9719E+01
503.00,9.92705E+01
504.00,9.79429E+01
505.00,9.86575E+01
506.00,9.99785E+01
507.00,9.89733E+01
508.00,9.72316E+01
509.00,9.74819E+01
510.00,9.84333E+01
511.00,9.78074E+01
512.00,9.71174E+01
513.00,9.8413E+01
514.00,9.99202E+01
515.00,9.91431E+01
516.00,9.77448E+01
517.00,9.82084E+01
518.00,9.92578E+01
519.00,9.84545E+01
520.00,9.69895E+01
521.00,9.73402E+01
522.00,9.87722E+01
523.00,9.88348E+01
524.00,9.79533E+01
525.00,9.84026E+01
526.00,9.9786E+01
527.00,9.94757E+01
528.00,9.74171E+01
529.00,9.63609E+01
530.00,9.71993E+01
531.00,9.79084E+01
532.00,9.72621E+01
533.00,9.6958E+01
534.00,9.83486E+01
535.00,9.98831E+01
536.00,9.95145E+01
537.00,9.82281E+01
538.00,9.81987E+01
539.00,9.9128E+01
540.00,9.89058E+01
541.00,9.73693E+01
542.00,9.67055E+01
543.00,9.78747E+01
544.00,9.91629E+01
545.00,9.8824E+01
546.00,9.78657E+01
547.00,9.81817E+01
548.00,9.94549E+01
549.00,9.96508E+01
550.00,9.82511E+01
551.00,9.70295E+01
552.00,9.71377E+01
553.00,9.77405E+01
554.00,9.76481E+01
555.00,9.7311E+01
556.00,9.79109E+01
557.00,9.91518E+01
558.00,9.93757E+01
559.00,9.81592E+01
560.00,9.72613E+01
561.00,9.80805E+01
562.00,9.95607E+01
563.00,9.93865E+01
564.00,9.74036E+01
565.00,9.60438E+01
566.00,9.69581E+01
567.00,9.8971E+01
568.00,9.94655E+01
569.00,9.79743E+01
570.00,9.68314E+01
571.00,9.77434E+01
572.00,9.95829E+01
573.00,9.97562E+01
574.00,9.78429E+01
575.00,9.62835E+01
576.00,9.69845E+01
577.00,9.90691E+01
578.00,9.98876E+01
579.00,9.8435E+01
580.00,9.67134E+01
581.00,9.6801E+01
582.00,9.83365E+01
583.00,9.90963E+01
584.00,9.79444E+01
585.00,9.64634E+01
586.00,9.67016E+01
587.00,9.85972E+01
588.00,9.99652E+01
589.00,9.91112E+01
590.00,9.71743E+01
591.00,9.65349E+01
592.00,9.79102E+01
593.00,9.96583E+01
594.00,9.96289E+01
595.00,9.78958E+01
596.00,9.65468E+01
597.00,9.69433E+01
598.00,9.83003E+01
599.00,9.86849E+01
600.00,9.74352E+01
601.00,9.601E+01
602.00,9.59421E+01
603.00,9.71686E+01
604.00,9.81498E+01
605.00,9.76686E+01
606.00,9.64058E+01
607.00,9.60668E+01
608.00,9.73638E+01
609.00,9.92046E+01
610.00,9.97253E+01
611.00,9.84592E+01
612.00,9.69421E+01
613.00,9.68375E+01
614.00,9.82153E+01
615.00,9.95327E+01
616.00,9.92612E+01
617.00,9.77229E+01
618.00,9.66711E+01
619.00,9.72623E+01
620.00,9.89158E+01
621.00,9.98443E+01
622.00,9.89607E+01
623.00,9.72025E+01
624.00,9.63938E+01
625.00,9.73197E+01
626.00,9.90544E+01
627.00,9.98212E+01
628.00,9.88737E+01
629.00,9.7336E+01
630.00,9.68086E+01
631.00,9.76992E+01
632.00,9.89036E+01
633.00,9.893E+01
634.00,9.7599E+01
635.00,9.62761E+01
636.00,9.6327E+01
637.00,9.77723E+01
638.00,9.92197E+01
639.00,9.91485E+01
640.00,9.76036E+01
641.00,9.61642E+01
642.00,9.62439E+01
643.00,9.7838E+01
644.00,9.9547E+01
645.00,9.98302E+01
646.00,9.86237E+01
647.00,9.73349E+01
648.00,9.7224E+01
649.00,9.82076E+01
650.00,9.89944E+01
651.00,9.84276E+01
652.00,9.68146E+01
653.00,9.55901E+01
654.00,9.58831E+01
655.00,9.7545E+01
656.00,9.92264E+01
657.00,9.95182E+01
658.00,9.83842E+01
659.00,9.7143E+01
660.00,9.7017E+01
661.00,9.80198E+01
662.00,9.9006E+01
663.00,9.87938E+01
664.00,9.74646E+01
665.00,9.6277E+01
666.00,9.63207E+01
667.00,9.75012E+01
668.00,9.86144E+01
669.00,9.84951E+01
670.00,9.73177E+01
671.00,9.64266E+01
672.00,9.69022E+01
673.00,9.85113E+01
674.00,9.98182E+01
675.00,9.95206E+01
676.00,9.79086E+01
677.00,9.65119E+01
678.00,9.64137E+01
679.00,9.72626E+01
680.00,9.77176E+01
681.00,9.70001E+01
682.00,9.59374E+01
683.00,9.60169E+01
684.00,9.76599E+01
685.00,9.95305E+01
686.00,9.96918E+01
687.00,9.79624E+01
688.00,9.62569E+01
689.00,9.6202E+01
690.00,9.73154E+01
691.00,9.75412E+01
692.00,9.59015E+01
693.00,9.42506E+01
694.00,9.56724E+01
695.00,9.9672E+01
696.00,8.34674E+01
697.00,3.55848E+01
698.00,1.07792E+01
699.00,3.61579E+00
700.00,1.47909E+00
701.00,7.4457E-01
702.00,4.65423E-01
703.00,3.7595E-01
704.00,4.37994E-01
705.00,9.48174E-01
706.00,7.09531E-01
707.00,9.25314E-02
708.00,2.26118E-02
709.00,8.03193E-03
710.00,3.59628E-03
711.00,1.90676E-03
712.00,1.16146E-03
713.00,8.01152E-04
714.00,6.22895E-04
715.00,5.47685E-04
716.00,5.50993E-04
717.00,6.48851E-04
718.00,9.2901E-04
719.00,1.69262E-03
720.00,3.54016E-03
721.00,3.90179E-03
722.00,2.34604E-03
723.00,1.74257E-03
724.00,1.40103E-03
725.00,5.39264E-04
726.00,1.41406E-04
727.00,4.43305E-05
728.00,1.72295E-05
729.00,7.94665E-06
730.00,4.20202E-06
731.00,2.4918E-06
732.00,1.63532E-06
733.00,1.1796E-06
734.00,9.33713E-07
735.00,8.14158E-07
736.00,7.90642E-07
737.00,8.74738E-07
738.00,1.15514E-06
739.00,2.03107E-06
740.00,6.81857E-06
741.00,1.36397E-03
742.00,4.21514E-06
743.00,1.00737E-06
744.00,4.35572E-07
745.00,2.48624E-07
746.00,1.69871E-07
747.00,1.33472E-07
748.00,1.18622E-07
749.00,1.18816E-07
750.00,1.34875E-07
751.00,1.75678E-07
752.00,2.65583E-07
753.00,4.52818E-07
754.00,7.22273E-07
755.00,8.27793E-07
756.00,8.83965E-07
757.00,1.72882E-06
758.00,4.45223E-05
759.00,3.58692E-07
760.00,5.72676E-08
761.00,1.6521E-08
762.00,6.30652E-09
763.00,2.86438E-09
764.00,1.47214E-09
765.00,8.32436E-10
766.00,5.09009E-10
767.00,3.3278E-10
768.00,2.30852E-10
769.00,1.69047E-10
770.00,1.30231E-10
771.00,1.05338E-10
772.00,8.9383E-11
773.00,7.95793E-11
774.00,7.44146E-11
775.00,7.31944E-11
776.00,7.58053E-11
777.00,8.2487E-11
778.00,9.31533E-11
779.00,1.05163E-10
780.00,1.09574E-10
781.00,9.58588E-11
782.00,6.95991E-11
783.00,4.57157E-11
784.00,2.9612E-11
785.00,1.97532E-11
786.00,1.37671E-11
787.00,1.00463E-11
788.00,7.66027E-12
789.00,6.08487E-12
790.00,5.02084E-12
791.00,4.29313E-12
792.00,3.79694E-12
793.00,3.46872E-12
794.00,3.27036E-12
795.00,3.18062E-12
796.00,3.19064E-12
797.00,3.30214E-12
798.00,3.52752E-12
799.00,3.89165E-12
800.00,4.43512E-12
801.00,5.21068E-12
802.00,6.29727E-12
803.00,7.76414E-12
804.00,9.59367E-12
805.00,1.15095E-11
806.00,1.28525E-11
807.00,1.29421E-11
808.00,1.17995E-11
809.00,1.00987E-11
810.00,8.45339E-12
811.00,7.12194E-12
812.00,6.13239E-12
813.00,5.43348E-12
814.00,4.96541E-12
815.00,4.68152E-12
816.00,4.55141E-12
817.00,4.55947E-12
818.00,4.70331E-12
819.00,4.99352E-12
820.00,5.45528E-12
821.00,6.13242E-12
822.00,7.09473E-12
823.00,8.45037E-12
824.00,1.03655E-11
825.00,1.30944E-11
826.00,1.70207E-11
827.00,2.27003E-11
828.00,3.08526E-11
829.00,4.21514E-11
830.00,5.65433E-11
831.00,7.213E-11
832.00,8.50415E-11
833.00,9.20598E-11
834.00,9.34136E-11
835.00,9.18269E-11
836.00,8.99852E-11
837.00,8.9547E-11
838.00,9.14121E-11
839.00,9.62024E-11
840.00,1.04613E-10
841.00,1.17669E-10
842.00,1.36995E-10
843.00,1.65199E-10
844.00,2.06537E-10
845.00,2.6809E-10
846.00,3.61969E-10
847.00,5.09544E-10
848.00,7.49706E-10
849.00,1.15492E-09
850.00,1.85995E-09
851.00,3.10564E-09
852.00,5.18317E-09
853.00,8.05218E-09
854.00,1.06942E-08
855.00,1.19558E-08
856.00,1.21258E-08
857.00,1.21239E-08
858.00,1.25185E-08
859.00,1.35984E-08
860.00,1.56308E-08
861.00,1.90371E-08
862.00,2.45684E-08
863.00,3.35864E-08
864.00,4.85581E-08
865.00,7.38053E-08
866.00,1.15895E-07
867.00,1.80419E-07
868.00,2.59325E-07
869.00,3.22342E-07
870.00,3.48914E-07
871.00,3.53257E-07
872.00,3.58086E-07
873.00,3.7731E-07
874.00,4.19882E-07
875.00,4.96515E-07
876.00,6.25771E-07
877.00,8.43163E-07
878.00,1.22055E-06
879.00,1.91414E-06
880.00,3.29869E-06
881.00,6.40519E-06
882.00,1.4704E-05
883.00,4.45063E-05
884.00,2.49531E-04
885.00,3.87829E-03
886.00,3.57701E-04
887.00,1.46048E-04
888.00,9.64307E-05
889.00,7.71795E-05
890.00,6.72043E-05
891.00,6.07675E-05
892.00,5.63278E-05
893.00,5.38333E-05
894.00,5.37334E-05
895.00,5.67809E-05
896.00,6.43463E-05
897.00,7.92817E-05
898.00,1.08122E-04
899.00,1.67764E-04
900.00,3.10281E-04
901.00,7.31163E-04
902.00,2.0695E-03
903.00,2.11171E-03
904.00,9.22617E-04
905.00,5.04767E-04
906.00,3.51921E-04
907.00,2.92158E-04
908.00,2.77377E-04
909.00,2.94366E-04
910.00,3.43767E-04
911.00,4.33566E-04
912.00,5.68658E-04
913.00,7.18153E-04
914.00,7.89451E-04
915.00,7.3255E-04
916.00,6.2076E-04
917.00,5.27813E-04
918.00,4.74759E-04
919.00,4.6188E-04
920.00,4.90865E-04
921.00,5.74218E-04
922.00,7.46114E-04
923.00,1.0859E-03
924.00,1.74729E-03
925.00,2.75369E-03
926.00,3.06645E-03
927.00,2.21209E-03
928.00,1.44022E-03
929.00,1.01872E-03
930.00,8.09136E-04
931.00,7.18923E-04
932.00,7.10408E-04
933.00,7.80082E-04
934.00,9.56788E-04
935.00,1.32217E-03
936.00,2.04781E-03
937.00,3.20845E-03
938.00,3.58394E-03
939.00,2.41728E-03
940.00,1.41939E-03
941.00,9.02552E-04
942.00,6.42418E-04
943.00,5.06943E-04
944.00,4.38032E-04
945.00,4.10879E-04
946.00,4.1645E-04
947.00,4.55355E-04
948.00,5.36926E-04
949.00,6.80178E-04
950.00,9.06856E-04
951.00,1.18397E-03
952.00,1.31995E-03
953.00,1.13397E-03
954.00,8.16858E-04
955.00,5.69314E-04
956.00,4.13286E-04
957.00,3.19249E-04
958.00,2.62918E-04
959.00,2.30131E-04
960.00,2.13376E-04
961.00,2.09121E-04
962.00,2.16532E-04
963.00,2.37222E-04
964.00,2.76036E-04
965.00,3.43568E-04
966.00,4.62776E-04
967.00,6.87477E-04
968.00,1.16054E-03
969.00,2.31446E-03
970.00,5.24707E-03
971.00,7.38626E-03
972.00,4.15947E-03
973.00,2.16927E-03
974.00,1.34839E-03
975.00,9.75742E-04
976.00,7.93884E-04
977.00,7.10144E-04
978.00,6.89435E-04
979.00,7.21571E-04
980.00,8.11872E-04
981.00,9.80829E-04
982.00,1.26689E-03
983.00,1.71522E-03
984.00,2.2831E-03
985.00,2.61956E-03
986.00,2.33649E-03
987.00,1.73847E-03
988.00,1.23878E-03
989.00,9.12481E-04
990.00,7.11594E-04
991.00,5.89357E-04
992.00,5.17E-04
993.00,4.78739E-04
994.00,4.6678E-04
995.00,4.78642E-04
996.00,5.16301E-04
997.00,5.86886E-04
998.00,7.05358E-04
999.00,9.00551E-04
1000.00,1.22722E-03
1001.00,1.78439E-03
1002.00,2.70366E-03
1003.00,3.89262E-03
1004.00,4.44316E-03
1005.00,3.73042E-03
1006.00,2.6943E-03
1007.00,1.94733E-03
1008.00,1.48972E-03
1009.00,1.21873E-03
1010.00,1.06339E-03
1011.00,9.84969E-04
1012.00,9.64895E-04
1013.00,9.97584E-04
1014.00,1.08801E-03
1015.00,1.25314E-03
1016.00,1.52756E-03
1017.00,1.97494E-03
1018.00,2.70338E-03
1019.00,3.85327E-03
1020.00,5.40045E-03
1021.00,6.59411E-03
1022.00,6.31762E-03
1023.00,5.016E-03
1024.00,3.77154E-03
1025.00,2.91229E-03
1026.00,2.37541E-03
1027.00,2.05832E-03
1028.00,1.89292E-03
1029.00,1.84382E-03
1030.00,1.89968E-03
1031.00,2.06918E-03
1032.00,2.38159E-03
1033.00,2.88801E-03
1034.00,3.64524E-03
1035.00,4.61999E-03
1036.00,5.43774E-03
1037.00,5.38969E-03
1038.00,4.41019E-03
1039.00,3.23877E-03
1040.00,2.33394E-03
1041.00,1.72813E-03
1042.00,1.3355E-03
1043.00,1.08001E-03
1044.00,9.12331E-04
1045.00,8.02795E-04
1046.00,7.33916E-04
1047.00,6.95621E-04
1048.00,6.82557E-04
1049.00,6.92691E-04
1050.00,7.26707E-04
1051.00,7.87943E-04
1052.00,8.82682E-04
1053.00,1.02051E-03
1054.00,1.21379E-03
1055.00,1.47358E-03
1056.00,1.79577E-03
1057.00,2.13145E-03
1058.00,2.3636E-03
1059.00,2.36596E-03
1060.00,2.13599E-03
1061.00,1.79796E-03
1062.00,1.47058E-03
1063.00,1.20446E-03
1064.00,1.00432E-03
1065.00,8.5894E-04
1066.00,7.5543E-04
1067.00,6.83456E-04
1068.00,6.35702E-04
1069.00,6.07357E-04
1070.00,5.95538E-04
1071.00,5.98878E-04
1072.00,6.17298E-04
1073.00,6.5195E-04
1074.00,7.05301E-04
1075.00,7.81348E-04
1076.00,8.8592E-04
1077.00,1.02691E-03
1078.00,1.21401E-03
1079.00,1.45691E-03
1080.00,1.75978E-03
1081.00,2.1095E-03
1082.00,2.4596E-03
1083.00,2.72713E-03
1084.00,2.82954E-03
1085.00,2.74611E-03
1086.00,2.53175E-03
1087.00,2.26727E-03
1088.00,2.01213E-03
1089.00,1.79456E-03
1090.00,1.622E-03
1091.00,1.49232E-03
1092.00,1.40053E-03
1093.00,1.34171E-03
1094.00,1.31217E-03
1095.00,1.30973E-03
1096.00,1.33375E-03
1097.00,1.3852E-03
1098.00,1.46675E-03
1099.00,1.58305E-03
1100.00,1.74117E-03
1101.00,1.94899E-03
1102.00,2.22174E-03
1103.00,2.57826E-03
1104.00,3.04374E-03
1105.00,3.65081E-03
1106.00,4.43921E-03
1107.00,5.45165E-03
1108.00,6.72149E-03
1109.00,8.24703E-03
1110.00,9.95327E-03
1111.00,1.1663E-02
1112.00,1.31234E-02
1113.00,1.41127E-02
1114.00,1.45579E-02
1115.00,1.45554E-02
1116.00,1.429E-02
1117.00,1.39415E-02
1118.00,1.36411E-02
1119.00,1.34705E-02
1120.00,1.34784E-02
1121.00,1.36973E-02
1122.00,1.4156E-02
1123.00,1.48886E-02
1124.00,1.59408E-02
1125.00,1.73765E-02
1126.00,1.92852E-02
1127.00,2.17914E-02
1128.00,2.5069E-02
1129.00,2.93597E-02
1130.00,3.50016E-02
1131.00,4.24667E-02
1132.00,5.24144E-02
1133.00,6.57585E-02
1134.00,8.37443E-02
1135.00,1.08012E-01
1136.00,1.40591E-01
1137.00,1.83708E-01
1138.00,2.39263E-01
1139.00,3.0791E-01
1140.00,3.88048E-01
1141.00,4.75639E-01
1142.00,5.65692E-01
1143.00,6.54986E-01
1144.00,7.44218E-01
1145.00,8.384E-01
1146.00,9.4614E-01
1147.00,1.07925E+00
1148.00,1.25362E+00
1149.00,1.49196E+00
1150.00,1.82913E+00
1151.00,2.32253E+00
1152.00,3.07256E+00
1153.00,4.26639E+00
1154.00,6.27802E+00
1155.00,9.91584E+00
1156.00,1.70704E+01
1157.00,3.22881E+01
1158.00,6.34192E+01
1159.00,9.71364E+01
1160.00,8.50842E+01
1161.00,5.71796E+01
1162.00,3.96908E+01
1163.00,3.02648E+01
1164.00,2.51656E+01
1165.00,2.24634E+01
1166.00,2.1235E+01
1167.00,2.10298E+01
1168.00,2.16206E+01
1169.00,2.28817E+01
1170.00,2.47153E+01
1171.00,2.69961E+01
1172.00,2.95301E+01
1173.00,3.20466E+01
1174.00,3.4248E+01
1175.00,3.59125E+01
1176.00,3.69874E+01
1177.00,3.76049E+01
1178.00,3.80168E+01
1179.00,3.85069E+01
1180.00,3.93339E+01
1181.00,4.0715E+01
1182.00,4.28324E+01
1183.00,4.58396E+01
1184.00,4.985E+01
1185.00,5.48869E+01
1186.00,6.0781E+01
1187.00,6.70226E+01
1188.00,7.26579E+01
1189.00,7.64266E+01
1190.00,7.72807E+01
1191.00,7.50094E+01
1192.00,7.03705E+01
1193.00,6.45904E+01
1194.00,5.87575E+01
1195.00,5.35481E+01
1196.00,4.92624E+01
1197.00,4.59664E+01
1198.00,4.36151E+01
1199.00,4.2125E+01
1200.00,4.14099E+01
