Wavelength,T
301,9.5E-05
302,0.000103459
303,9.5E-05
304,9.5E-05
305,9.5E-05
306,9.5E-05
307,9.5E-05
308,9.5E-05
309,9.5E-05
310,9.5E-05
311,9.5E-05
312,9.5E-05
313,9.5E-05
314,9.5E-05
315,9.5E-05
316,9.5E-05
317,9.5E-05
318,9.5E-05
319,9.5E-05
320,0.000264527
321,0.000151029
322,0.000258311
323,0.000185292
324,0.000256843
325,0.000289849
326,0.000243557
327,0.000235608
328,0.000252453
329,9.5E-05
330,0.000236592
331,0.000361667
332,9.5E-05
333,0.000176499
334,0.000233747
335,9.5E-05
336,0.000186676
337,9.5E-05
338,0.000262341
339,0.000166622
340,0.000504298
341,0.000159781
342,0.000276505
343,0.00030758
344,0.000208823
345,0.000210767
346,0.00022742
347,0.000151818
348,9.5E-05
349,9.5E-05
350,0.000336758
351,0.000156813
352,0.000126118
353,0.000338539
354,0.000288125
355,0.000364121
356,0.000381721
357,0.000651486
358,0.000594116
359,0.00174836
360,0.00119157
361,0.000600175
362,0.000767626
363,0.000152722
364,0.000104458
365,0.000102908
366,0.000207988
367,0.00011139
368,0.00013501
369,0.000194252
370,0.000147459
371,0.000146489
372,0.000639115
373,0.000286492
374,0.000170475
375,9.5E-05
376,9.5E-05
377,9.5E-05
378,9.5E-05
379,0.000136256
380,9.5E-05
381,0.000176854
382,0.000136366
383,0.00013238
384,0.000155281
385,0.000105738
386,9.5E-05
387,9.5E-05
388,9.5E-05
389,0.000100646
390,0.000135703
391,9.5E-05
392,0.000130611
393,0.000272771
394,0.000223847
395,0.000187165
396,9.5E-05
397,9.5E-05
398,9.5E-05
399,0.000304958
400,0.00135161
401,0.000105809
402,0.000117217
403,0.000105383
404,0.000110225
405,9.5E-05
406,0.000180325
407,9.5E-05
408,0.000414231
409,9.5E-05
410,9.5E-05
411,9.5E-05
412,0.000199941
413,9.5E-05
414,9.5E-05
415,9.5E-05
416,9.5E-05
417,9.5E-05
418,9.5E-05
419,9.66408E-05
420,9.5E-05
421,9.5E-05
422,9.5E-05
423,9.5E-05
424,9.5E-05
425,9.5E-05
426,9.5E-05
427,9.5E-05
428,9.5E-05
429,9.5E-05
430,0.000182843
431,0.000131444
432,9.5E-05
433,9.5E-05
434,9.5E-05
435,9.5E-05
436,9.5E-05
437,0.00012184
438,9.5E-05
439,9.5E-05
440,9.5E-05
441,9.5E-05
442,9.5E-05
443,9.5E-05
444,9.5E-05
445,9.5E-05
446,9.5E-05
447,9.5E-05
448,0.00162378
449,0.00070526
450,0.000115824
451,9.5E-05
452,9.5E-05
453,9.5E-05
454,9.5E-05
455,9.5E-05
456,9.5E-05
457,0.00115056
458,9.5E-05
459,9.5E-05
460,9.5E-05
461,9.5E-05
462,9.5E-05
463,9.5E-05
464,9.5E-05
465,9.5E-05
466,9.5E-05
467,9.5E-05
468,9.5E-05
469,9.5E-05
470,9.5E-05
471,9.5E-05
472,9.5E-05
473,9.5E-05
474,9.5E-05
475,9.5E-05
476,9.5E-05
477,9.5E-05
478,9.5E-05
479,9.5E-05
480,9.5E-05
481,0.000172512
482,9.5E-05
483,9.5E-05
484,9.5E-05
485,9.5E-05
486,9.5E-05
487,9.5E-05
488,0.000168594
489,9.5E-05
490,9.5E-05
491,9.5E-05
492,9.5E-05
493,9.5E-05
494,9.5E-05
495,9.5E-05
496,9.5E-05
497,9.5E-05
498,9.5E-05
499,9.5E-05
500,9.5E-05
501,9.5E-05
502,9.5E-05
503,9.5E-05
504,9.5E-05
505,9.5E-05
506,9.5E-05
507,9.5E-05
508,9.5E-05
509,9.5E-05
510,9.5E-05
511,9.5E-05
512,9.5E-05
513,9.5E-05
514,9.5E-05
515,9.5E-05
516,9.5E-05
517,9.5E-05
518,9.5E-05
519,0.000223881
520,9.5E-05
521,9.5E-05
522,9.5E-05
523,0.000288735
524,9.5E-05
525,9.5E-05
526,9.5E-05
527,9.5E-05
528,9.5E-05
529,9.5E-05
530,9.5E-05
531,9.5E-05
532,9.5E-05
533,0.000202872
534,0.000184532
535,0.000218453
536,0.000611302
537,0.000208637
538,9.5E-05
539,9.5E-05
540,9.5E-05
541,9.5E-05
542,9.5E-05
543,9.5E-05
544,9.5E-05
545,9.5E-05
546,0.000101204
547,0.000173011
548,0.000417091
549,0.00114576
550,0.0044133
551,0.0202867
552,0.130163995
553,1.367130037
554,25.15709996
555,95.82440257
556,98.80899787
557,98.69350195
558,98.54210019
559,99.73059893
560,98.60789776
561,98.91790152
562,99.40119982
563,99.04670119
564,98.14429879
565,99.09240007
566,99.14209843
567,98.32950234
568,98.46349955
569,99.00429845
570,99.20499921
571,99.05470014
572,98.4818995
573,98.40469956
574,99.14360046
575,99.27080274
576,98.97390008
577,98.57730269
578,98.90499711
579,99.26249981
580,98.62930179
581,97.97660112
582,98.43549728
583,98.71690273
584,98.70619774
585,97.88110256
586,97.10559845
587,97.16070294
588,98.20989966
589,98.74150157
590,99.15140271
591,97.93429971
592,97.23359942
593,97.25189805
594,97.72869945
595,97.44160175
596,96.50939703
597,95.73820233
598,95.89400291
599,96.50570154
600,97.19830155
601,96.86009884
602,96.66180015
603,96.69039845
604,96.97350264
605,97.74289727
606,97.60320187
607,97.74150252
608,97.32580185
609,97.06519842
610,97.22689986
611,97.60599732
612,97.55010009
613,96.75289989
614,96.13789916
615,96.59050107
616,96.93070054
617,97.65970111
618,98.14760089
619,97.79729843
620,97.20730186
621,96.98680043
622,97.49709964
623,97.81640172
624,98.03550243
625,97.57549763
626,97.51960039
627,97.72409797
628,98.11130166
629,98.79680276
630,98.65919948
631,98.07360172
632,97.3747015
633,97.35080004
634,97.6764977
635,98.07479978
636,98.08400273
637,98.25400114
638,97.49950171
639,96.97949886
640,96.84889913
641,97.05280066
642,97.81919718
643,97.6549983
644,97.38240242
645,96.75769806
646,96.57329917
647,96.77169919
648,97.39199877
649,97.75589705
650,98.22199941
651,97.47959971
652,96.56649828
653,95.85999846
654,96.10549808
655,96.54060006
656,96.98449969
657,96.95140123
658,96.19240165
659,95.62879801
660,95.56180239
661,96.06670141
662,96.9802022
663,97.57310152
664,97.89059758
665,96.79499865
666,95.5467999
667,94.83230114
668,95.05569935
669,96.17300034
670,96.95760012
671,97.36139774
672,97.62949944
673,97.0122993
674,96.65139914
675,96.47840261
676,97.29750156
677,97.47949839
678,96.99339867
679,95.72520256
680,95.16680241
681,95.36479712
682,96.0514009
683,97.05349803
684,96.47189975
685,95.13400197
686,94.04000044
687,94.23109889
688,93.83630157
689,91.92669988
690,87.915802
691,84.78360176
692,85.14400125
693,87.09430099
694,86.35439873
695,88.23099732
696,49.60010052
697,23.43589962
698,3.015529923
699,0.830969959
700,0.228262995
701,0.075891498
702,0.029107
703,0.012316099
704,0.00585557
705,0.00298365
706,0.00169461
707,0.00106521
708,0.000560872
709,0.000289553
710,0.000347136
711,0.000191264
712,0.000217663
713,0.000250575
714,0.000181407
715,0.000172322
716,9.5E-05
717,0.000152971
718,0.000191967
719,0.00016981
720,0.000206481
721,0.000176477
722,0.000159546
723,9.5E-05
724,0.000190611
725,0.000214727
726,0.000278349
727,0.000373454
728,0.000858941
729,0.0014702
730,0.00082311
731,0.000416933
732,0.000470416
733,0.00014259
734,0.000319693
735,0.000236519
736,0.000211204
737,0.000264791
738,0.00044958
739,0.000213004
740,0.000501594
741,0.000502128
742,0.000378689
743,0.000431765
744,0.000416168
745,0.000511288
746,0.000289348
747,0.000352457
748,0.000448178
749,0.000492781
750,0.000691974
751,0.000563282
752,0.000718957
753,0.000871898
754,0.000778302
755,0.00131013
756,0.000953198
757,0.00100208
758,0.000708586
759,0.000894979
760,0.000704543
761,0.000682248
762,0.000791381
763,0.000673169
764,0.00100683
765,0.00127197
766,0.00152064
767,0.00138059
768,0.000782375
769,0.000796192
770,0.000797287
771,0.000792156
772,0.000694759
773,0.000641805
774,0.000560912
775,0.000258375
776,0.000702614
777,0.000455993
778,0.000651704
779,0.000664412
780,0.000939144
781,0.000512644
782,0.00096968
783,0.00111335
784,0.00147681
785,0.00139749
786,0.000843852
787,0.00129894
788,0.00153358
789,0.00152102
790,0.00128132
791,0.00175786
792,0.0015469
793,0.00131001
794,0.00105529
795,0.00211287
796,0.00166893
797,0.00185202
798,0.0015338
799,0.00201503
800,0.001022
801,0.000999398
802,0.00103544
803,0.000978565
804,0.000899008
805,0.00086783
806,0.000797862
807,0.000767398
808,0.000752421
809,0.000682488
810,0.000655387
811,0.000603474
812,0.000542789
813,0.000513259
814,0.000479208
815,0.000428479
816,0.000427967
817,0.000386143
818,0.00036773
819,0.000411798
820,0.000463825
821,0.000480196
822,0.0004934
823,0.000570168
824,0.000615171
825,0.000610844
826,0.000675033
827,0.000689633
828,0.000700283
829,0.000712692
830,0.000701913
831,0.0007076
832,0.000716204
833,0.00071163
834,0.000726895
835,0.000705611
836,0.000697502
837,0.000704514
838,0.000743751
839,0.000750181
840,0.000734552
841,0.0007148
842,0.000684482
843,0.000625014
844,0.000587685
845,0.000555245
846,0.000516838
847,0.000463087
848,0.000401481
849,0.000374099
850,0.000330743
851,0.000292298
852,0.00029154
853,0.000270663
854,0.0002202
855,0.00021633
856,0.000174286
857,0.000141134
858,0.000132907
859,0.000112445
860,0.000102178
861,9.94208E-05
862,9.5E-05
863,9.5E-05
864,9.5E-05
865,9.5E-05
866,9.5E-05
867,9.63691E-05
868,0.000116064
869,0.000104205
870,0.000123405
871,0.000169243
872,0.000184296
873,0.00022498
874,0.000214662
875,0.000237684
876,0.000257441
877,0.000286821
878,0.000297663
879,0.000311513
880,0.00032914
881,0.000329841
882,0.000402324
883,0.000463444
884,0.000590472
885,0.000693409
886,0.000822804
887,0.0009156
888,0.00101033
889,0.00110106
890,0.0011104
891,0.00106007
892,0.000994007
893,0.000867482
894,0.000740476
895,0.000635918
896,0.000566681
897,0.000490135
898,0.000483929
899,0.000493813
900,0.000549022
901,0.000606283
902,0.000671291
903,0.000680442
904,0.000750221
905,0.000714888
906,0.000695981
907,0.000617605
908,0.000541815
909,0.000475245
910,0.000415794
911,0.000358346
912,0.000315044
913,0.000328541
914,0.000333024
915,0.000343597
916,0.000380681
917,0.000462394
918,0.000584836
919,0.000677079
920,0.000807962
921,0.000958888
922,0.00104724
923,0.00105703
924,0.00102373
925,0.00094197
926,0.000821314
927,0.000743796
928,0.000647215
929,0.000562303
930,0.00054572
931,0.000538641
932,0.000567436
933,0.000612704
934,0.000721972
935,0.000814265
936,0.000946971
937,0.00103445
938,0.0011015
939,0.00107067
940,0.000952184
941,0.000820859
942,0.000692995
943,0.000571594
944,0.000448407
945,0.000372741
946,0.000313083
947,0.000301843
948,0.000273548
949,0.000277404
950,0.000259217
951,0.000265807
952,0.000267106
953,0.000294609
954,0.000340886
955,0.00040559
956,0.000470105
957,0.000550903
958,0.000670975
959,0.000860095
960,0.00105642
961,0.00124486
962,0.00143021
963,0.00159356
964,0.00168981
965,0.00176095
966,0.00174839
967,0.0017019
968,0.00168001
969,0.0016843
970,0.0016727
971,0.00170954
972,0.00174349
973,0.00181638
974,0.00188698
975,0.00196716
976,0.00203552
977,0.00204015
978,0.00201725
979,0.00198966
980,0.00194793
981,0.00189106
982,0.00177452
983,0.00171687
984,0.00157629
985,0.00147926
986,0.00135061
987,0.00121631
988,0.00110092
989,0.000966391
990,0.000845116
991,0.000734896
992,0.000632922
993,0.000592055
994,0.000504586
995,0.000459981
996,0.000395055
997,0.000357
998,0.000335636
999,0.000323587
1000,0.000304112
1001,0.000308068
1002,0.000307325
1003,0.000298884
1004,0.0003345
1005,0.000336291
1006,0.000363376
1007,0.00038967
1008,0.000431648
1009,0.000495511
1010,0.000584546
1011,0.000647918
1012,0.00073696
1013,0.000848854
1014,0.000934447
1015,0.000991349
1016,0.00105592
1017,0.00103614
1018,0.00102336
1019,0.000940822
1020,0.000858099
1021,0.000761069
1022,0.000680422
1023,0.000616091
1024,0.000545258
1025,0.00050403
1026,0.000465701
1027,0.000412194
1028,0.00039869
1029,0.000352562
1030,0.000346357
1031,0.000312009
1032,0.000306253
1033,0.000295846
1034,0.000271348
1035,0.000266881
1036,0.00025317
1037,0.000246085
1038,0.000252609
1039,0.000227426
1040,0.000232875
1041,0.000232273
1042,0.000241024
1043,0.000236688
1044,0.000270617
1045,0.000279342
1046,0.000302919
1047,0.000316333
1048,0.000335049
1049,0.000370594
1050,0.000444247
1051,0.000486998
1052,0.000566623
1053,0.000605252
1054,0.000669912
1055,0.000763682
1056,0.000823474
1057,0.000852263
1058,0.000874434
1059,0.000899859
1060,0.000859606
1061,0.000849006
1062,0.000843101
1063,0.000797372
1064,0.000801293
1065,0.000756302
1066,0.000756289
1067,0.000778625
1068,0.00078421
1069,0.000839146
1070,0.000885599
1071,0.000950999
1072,0.00106069
1073,0.00115926
1074,0.00127958
1075,0.00140016
1076,0.0014817
1077,0.0015738
1078,0.00157859
1079,0.00154601
1080,0.00146537
1081,0.00135694
1082,0.00121523
1083,0.0010913
1084,0.00100661
1085,0.00089752
1086,0.000797929
1087,0.000764045
1088,0.000758576
1089,0.000710735
1090,0.000716961
1091,0.000712561
1092,0.000708229
1093,0.000765005
1094,0.00078166
1095,0.000834881
1096,0.00092636
1097,0.000963129
1098,0.00107122
1099,0.00111935
1100,0.0011915
1101,0.00123502
1102,0.00125043
1103,0.00120691
1104,0.00116419
1105,0.00104803
1106,0.000968467
1107,0.000865743
1108,0.000779902
1109,0.000711707
1110,0.00065639
1111,0.000588854
1112,0.00055694
1113,0.000534232
1114,0.000491394
1115,0.00050385
1116,0.000482598
1117,0.000469165
1118,0.000486961
1119,0.00050447
1120,0.000495944
1121,0.000534939
1122,0.000556471
1123,0.000591399
1124,0.000648884
1125,0.000681561
1126,0.000707345
1127,0.000734375
1128,0.000768498
1129,0.000762874
1130,0.000731878
1131,0.000728706
1132,0.00066839
1133,0.000635286
1134,0.000564095
1135,0.000503673
1136,0.000460426
1137,0.000429246
1138,0.00042074
1139,0.000375883
1140,0.00034233
1141,0.000335034
1142,0.000329947
1143,0.00029857
1144,0.000290239
1145,0.000318473
1146,0.000309228
1147,0.000299145
1148,0.000304038
1149,0.000326745
1150,0.00033369
1151,0.00036177
1152,0.000375162
1153,0.000394241
1154,0.000433223
1155,0.000471055
1156,0.000549943
1157,0.000627057
1158,0.000680137
1159,0.000751602
1160,0.000887582
1161,0.00100834
1162,0.00114469
1163,0.00128904
1164,0.00137679
1165,0.00144787
1166,0.00146101
1167,0.00145315
1168,0.00136927
1169,0.00128368
1170,0.00117489
1171,0.00109154
1172,0.000999732
1173,0.000933266
1174,0.00085198
1175,0.000792492
1176,0.000747815
1177,0.000706945
1178,0.000665444
1179,0.000691671
1180,0.000627969
1181,0.000617371
1182,0.000626693
1183,0.000615328
1184,0.000648599
1185,0.000655248
1186,0.000681464
1187,0.000706707
1188,0.000753128
1189,0.000773855
1190,0.000850253
1191,0.000911041
1192,0.000984587
1193,0.00107943
1194,0.00120759
1195,0.00133311
1196,0.00150516
1197,0.00171297
1198,0.00199449
1199,0.00227757
1200,0.00269987
1201,0.00604903